Modnames,K,AICc,Delta_AICc,ModelLik,AICcWt,LL,Cum.Wt
stage,4,128.129641552418,0,1,0.966785210622281,-59.4933922047805,0.966785210622281
add,7,134.903426243627,6.77378469120836,0.0338135947573003,0.0326904833293331,-58.7017131218133,0.999475693951614
interaxn,10,143.175880236231,15.0462386838128,0.000540444103828412,0.000522493366749321,-57.7948366698396,0.999998187318363
null,3,154.586996666059,26.4573551136408,1.79828422350213e-06,1.73855459177723e-06,-73.9601649996962,0.999999925872955
treat,6,160.897054487098,32.7674129346797,7.66737471105454e-08,7.41270447494681e-08,-73.1757999708217,1
